{
    "right0": {
        "position": [
            0.775,
            -0.856,
            1.209
        ],
        "quaternion": [
            0.5899119691239445,
            0.23174173022803685,
            0.28282155430330014,
            0.7199386137558474
        ]
    },
    "right1": {
        "position": [
            1,
            1,
            1.3
        ],
        "quaternion": [
            0.23174173022803685,
            0.5899119691239445,
            0.7199386137558474,
            0.28282155430330014
        ]
    },
    "left0": {
        "position": [
            -0.775,
            -0.856,
            1.209
        ],
        "quaternion": [
            0.5899119691239445,
            -0.23174173022803685,
            -0.28282155430330014,
            0.7199386137558474
        ]
    },
    "left1": {
        "position": [
            -1,
            1,
            1.3
        ],
        "quaternion": [
            -0.23174173022803685,
            0.5899119691239445,
            0.7199386137558474,
            -0.28282155430330014
        ]
    },
    "forward": {
        "position": [
            -0.016,
            1.223,
            1.644
        ],
        "quaternion": [
            -0.003552227954333727,
            0.47365703412239357,
            0.8806774514638068,
            -0.006604709391970615
        ]
    }
}