{
    "camera_0": {
        "intrinsic": {
            "width": 480,
            "height": 480,
            "fovy_degrees": 45.0,
            "focal_length": 579.4112549695428,
            "matrix": [
                [
                    579.4112549695428,
                    0.0,
                    240.0
                ],
                [
                    0.0,
                    579.4112549695428,
                    240.0
                ],
                [
                    0.0,
                    0.0,
                    1.0
                ]
            ]
        },
        "extrinsic": {
            "position": [
                0.775,
                -0.856,
                1.209
            ],
            "rotation_matrix": [
                [
                    0.7326154777847623,
                    0.13381387467676192,
                    -0.6673592800390178
                ],
                [
                    0.6806427563048065,
                    -0.1440316742115515,
                    0.718317697898091
                ],
                [
                    -5.551115123125783e-17,
                    -0.9804839232582088,
                    -0.1965992783104522
                ]
            ],
            "matrix": [
                [
                    0.6812259417683132,
                    -0.14392506898102098,
                    0.7177860341220657,
                    -0.4553827022160982
                ],
                [
                    -0.7320732314884042,
                    -0.1339285285180085,
                    0.667931084010264,
                    -0.7753628792522663
                ],
                [
                    -5.551115123125783e-17,
                    -0.9804839232582088,
                    -0.1965992783104522,
                    0.42900000000000005
                ],
                [
                    0.0,
                    0.0,
                    0.0,
                    1.0
                ]
            ]
        }
    },
    "camera_1": {
        "intrinsic": {
            "width": 480,
            "height": 480,
            "fovy_degrees": 45.0,
            "focal_length": 579.4112549695428,
            "matrix": [
                [
                    579.4112549695428,
                    0.0,
                    240.0
                ],
                [
                    0.0,
                    579.4112549695428,
                    240.0
                ],
                [
                    0.0,
                    0.0,
                    1.0
                ]
            ]
        },
        "extrinsic": {
            "position": [
                1.0,
                1.0,
                1.3
            ],
            "rotation_matrix": [
                [
                    -0.7326154777847623,
                    0.13381387467676192,
                    -0.6673592800390178
                ],
                [
                    0.6806427563048065,
                    0.1440316742115515,
                    -0.718317697898091
                ],
                [
                    5.551115123125783e-17,
                    -0.9804839232582088,
                    -0.1965992783104522
                ]
            ],
            "matrix": [
                [
                    0.6800591392209999,
                    0.14413818810636464,
                    -0.7188489061627672,
                    1.400795882815302
                ],
                [
                    0.7331572595030296,
                    -0.13369913597927588,
                    0.6667870528710066,
                    -0.998884825536808
                ],
                [
                    5.551115123125783e-17,
                    -0.9804839232582088,
                    -0.1965992783104522,
                    0.52
                ],
                [
                    0.0,
                    0.0,
                    0.0,
                    1.0
                ]
            ]
        }
    },
    "camera_2": {
        "intrinsic": {
            "width": 480,
            "height": 480,
            "fovy_degrees": 45.0,
            "focal_length": 579.4112549695428,
            "matrix": [
                [
                    579.4112549695428,
                    0.0,
                    240.0
                ],
                [
                    0.0,
                    579.4112549695428,
                    240.0
                ],
                [
                    0.0,
                    0.0,
                    1.0
                ]
            ]
        },
        "extrinsic": {
            "position": [
                -0.775,
                -0.856,
                1.209
            ],
            "rotation_matrix": [
                [
                    0.7326154777847623,
                    -0.13381387467676192,
                    0.6673592800390178
                ],
                [
                    -0.6806427563048065,
                    -0.1440316742115515,
                    0.718317697898091
                ],
                [
                    5.551115123125783e-17,
                    -0.9804839232582088,
                    -0.1965992783104522
                ]
            ],
            "matrix": [
                [
                    -0.6800591392209999,
                    -0.14413818810636464,
                    0.7188489061627672,
                    -0.4566170086177349
                ],
                [
                    -0.7331572595030296,
                    0.13369913597927588,
                    -0.6667870528710066,
                    0.7746366292920775
                ],
                [
                    5.551115123125783e-17,
                    -0.9804839232582088,
                    -0.1965992783104522,
                    0.42900000000000005
                ],
                [
                    0.0,
                    0.0,
                    0.0,
                    1.0
                ]
            ]
        }
    },
    "camera_3": {
        "intrinsic": {
            "width": 480,
            "height": 480,
            "fovy_degrees": 45.0,
            "focal_length": 579.4112549695428,
            "matrix": [
                [
                    579.4112549695428,
                    0.0,
                    240.0
                ],
                [
                    0.0,
                    579.4112549695428,
                    240.0
                ],
                [
                    0.0,
                    0.0,
                    1.0
                ]
            ]
        },
        "extrinsic": {
            "position": [
                -1.0,
                1.0,
                1.3
            ],
            "rotation_matrix": [
                [
                    -0.7326154777847623,
                    -0.13381387467676192,
                    0.6673592800390178
                ],
                [
                    -0.6806427563048065,
                    0.1440316742115515,
                    -0.718317697898091
                ],
                [
                    -5.551115123125783e-17,
                    -0.9804839232582088,
                    -0.1965992783104522
                ]
            ],